date,open,high,low,close,volume
2020-01-02,0.0,0.0,0.0,54000.0,0
2020-01-03,0.0,0.0,0.0,54000.0,0
2020-01-06,0.0,0.0,0.0,54000.0,0
2020-01-07,0.0,0.0,0.0,54000.0,0
2020-01-08,0.0,0.0,0.0,54000.0,0
2020-01-09,0.0,0.0,0.0,54000.0,0
2020-01-10,0.0,0.0,0.0,54000.0,0
2020-01-13,0.0,0.0,0.0,54000.0,0
2020-01-14,0.0,0.0,0.0,54000.0,0
2020-01-15,0.0,0.0,0.0,54000.0,0
2020-01-16,0.0,0.0,0.0,54000.0,0
2020-01-17,0.0,0.0,0.0,54000.0,0
2020-01-20,0.0,0.0,0.0,54000.0,0
2020-01-21,0.0,0.0,0.0,54000.0,0
2020-01-22,0.0,0.0,0.0,54000.0,0
2020-01-23,0.0,0.0,0.0,54000.0,0
2020-01-28,0.0,0.0,0.0,54000.0,0
2020-01-29,0.0,0.0,0.0,54000.0,0
2020-01-30,0.0,0.0,0.0,54000.0,0
2020-01-31,0.0,0.0,0.0,54000.0,0
2020-02-03,0.0,0.0,0.0,54000.0,0
2020-02-04,0.0,0.0,0.0,54000.0,0
2020-02-05,0.0,0.0,0.0,54000.0,0
2020-02-06,0.0,0.0,0.0,54000.0,0
2020-02-07,0.0,0.0,0.0,54000.0,0
2020-02-10,0.0,0.0,0.0,54000.0,0
2020-02-11,0.0,0.0,0.0,54000.0,0
2020-02-12,0.0,0.0,0.0,54000.0,0
2020-02-13,0.0,0.0,0.0,54000.0,0
2020-02-14,0.0,0.0,0.0,54000.0,0
2020-02-17,0.0,0.0,0.0,54000.0,0
2020-02-18,0.0,0.0,0.0,54000.0,0
2020-02-19,0.0,0.0,0.0,54000.0,0
2020-02-20,0.0,0.0,0.0,54000.0,0
2020-02-21,0.0,0.0,0.0,54000.0,0
2020-02-24,0.0,0.0,0.0,54000.0,0
2020-02-25,0.0,0.0,0.0,54000.0,0
2020-02-26,0.0,0.0,0.0,54000.0,0
2020-02-27,0.0,0.0,0.0,54000.0,0
2020-02-28,0.0,0.0,0.0,54000.0,0
2020-03-02,0.0,0.0,0.0,54000.0,0
2020-03-03,0.0,0.0,0.0,54000.0,0
2020-03-04,0.0,0.0,0.0,54000.0,0
2020-03-05,0.0,0.0,0.0,54000.0,0
2020-03-06,0.0,0.0,0.0,54000.0,0
2020-03-09,0.0,0.0,0.0,54000.0,0
2020-03-10,0.0,0.0,0.0,54000.0,0
2020-03-11,0.0,0.0,0.0,54000.0,0
2020-03-12,0.0,0.0,0.0,54000.0,0
2020-03-13,0.0,0.0,0.0,54000.0,0
2020-03-16,0.0,0.0,0.0,54000.0,0
2020-03-17,0.0,0.0,0.0,54000.0,0
2020-03-18,0.0,0.0,0.0,54000.0,0
2020-03-19,0.0,0.0,0.0,54000.0,0
2020-03-20,0.0,0.0,0.0,54000.0,0
2020-03-23,0.0,0.0,0.0,54000.0,0
2020-03-24,0.0,0.0,0.0,54000.0,0
2020-03-25,0.0,0.0,0.0,54000.0,0
2020-03-26,0.0,0.0,0.0,54000.0,0
2020-03-27,0.0,0.0,0.0,54000.0,0
2020-03-30,0.0,0.0,0.0,54000.0,0
2020-03-31,0.0,0.0,0.0,54000.0,0
2020-04-01,0.0,0.0,0.0,54000.0,0
2020-04-02,0.0,0.0,0.0,54000.0,0
2020-04-03,0.0,0.0,0.0,54000.0,0
2020-04-06,0.0,0.0,0.0,54000.0,0
2020-04-07,0.0,0.0,0.0,54000.0,0
2020-04-08,0.0,0.0,0.0,54000.0,0
2020-04-09,0.0,0.0,0.0,54000.0,0
2020-04-10,0.0,0.0,0.0,54000.0,0
2020-04-13,0.0,0.0,0.0,54000.0,0
2020-04-14,0.0,0.0,0.0,54000.0,0
2020-04-16,0.0,0.0,0.0,54000.0,0
2020-04-17,0.0,0.0,0.0,54000.0,0
2020-04-20,0.0,0.0,0.0,54000.0,0
2020-04-21,0.0,0.0,0.0,54000.0,0
2020-04-22,0.0,0.0,0.0,54000.0,0
2020-04-23,0.0,0.0,0.0,54000.0,0
2020-04-24,0.0,0.0,0.0,54000.0,0
2020-04-27,0.0,0.0,0.0,54000.0,0
2020-04-28,0.0,0.0,0.0,54000.0,0
2020-04-29,0.0,0.0,0.0,54000.0,0
2020-05-04,0.0,0.0,0.0,54000.0,0
2020-05-06,0.0,0.0,0.0,54000.0,0
2020-05-07,0.0,0.0,0.0,54000.0,0
2020-05-08,0.0,0.0,0.0,54000.0,0
2020-05-11,0.0,0.0,0.0,54000.0,0
2020-05-12,0.0,0.0,0.0,54000.0,0
2020-05-13,0.0,0.0,0.0,54000.0,0
2020-05-14,0.0,0.0,0.0,54000.0,0
2020-05-15,0.0,0.0,0.0,54000.0,0
2020-05-18,0.0,0.0,0.0,54000.0,0
2020-05-19,0.0,0.0,0.0,54000.0,0
2020-05-20,0.0,0.0,0.0,54000.0,0
2020-05-21,0.0,0.0,0.0,54000.0,0
2020-05-22,0.0,0.0,0.0,54000.0,0
2020-05-25,0.0,0.0,0.0,54000.0,0
2020-05-26,0.0,0.0,0.0,54000.0,0
2020-05-27,0.0,0.0,0.0,54000.0,0
2020-05-28,0.0,0.0,0.0,54000.0,0
2020-05-29,0.0,0.0,0.0,54000.0,0
2020-06-01,0.0,0.0,0.0,54000.0,0
2020-06-02,0.0,0.0,0.0,54000.0,0
2020-06-03,0.0,0.0,0.0,54000.0,0
2020-06-04,0.0,0.0,0.0,54000.0,0
2020-06-05,0.0,0.0,0.0,54000.0,0
2020-06-08,0.0,0.0,0.0,54000.0,0
2020-06-09,0.0,0.0,0.0,54000.0,0
2020-06-10,0.0,0.0,0.0,54000.0,0
2020-06-11,0.0,0.0,0.0,54000.0,0
2020-06-12,0.0,0.0,0.0,54000.0,0
2020-06-15,0.0,0.0,0.0,54000.0,0
2020-06-16,0.0,0.0,0.0,54000.0,0
2020-06-17,0.0,0.0,0.0,54000.0,0
2020-06-18,0.0,0.0,0.0,54000.0,0
2020-06-19,54000.0,55800.0,45400.0,46200.0,158085
2020-06-22,44800.0,60000.0,42200.0,60000.0,137988
2020-06-23,70600.0,77800.0,60000.0,61600.0,327608
2020-06-24,60600.0,64000.0,55800.0,58400.0,48908
2020-06-25,57200.0,58200.0,54400.0,55400.0,22921
2020-06-26,55800.0,72000.0,54200.0,61600.0,184389
2020-06-29,61000.0,64600.0,58000.0,61400.0,25170
2020-06-30,61400.0,63200.0,56000.0,56800.0,26119
2020-07-01,58400.0,59000.0,55000.0,55600.0,10599
2020-07-02,56000.0,57400.0,54600.0,56400.0,7026
2020-07-03,56600.0,57400.0,54000.0,55400.0,7248
2020-07-06,56400.0,56400.0,52000.0,53800.0,13747
2020-07-07,54800.0,54800.0,52200.0,53000.0,8397
2020-07-08,53800.0,54400.0,51600.0,52000.0,6447
2020-07-09,52400.0,52800.0,50800.0,51000.0,6409
2020-07-10,50200.0,51000.0,48000.0,50600.0,11309
2020-07-13,50400.0,52400.0,50000.0,50800.0,5569
2020-07-14,50400.0,50400.0,48400.0,48600.0,6958
2020-07-15,48800.0,49800.0,47200.0,47400.0,10851
2020-07-16,47600.0,47800.0,46200.0,47600.0,5002
2020-07-17,47600.0,48000.0,46200.0,47600.0,4703
2020-07-20,47200.0,48400.0,46200.0,47200.0,4529
2020-07-21,47400.0,47400.0,46400.0,46600.0,5766
2020-07-22,46600.0,46800.0,45200.0,46000.0,7791
2020-07-23,46200.0,47200.0,45400.0,45400.0,4634
2020-07-24,45000.0,46000.0,44400.0,46000.0,8523
2020-07-27,46600.0,48400.0,46000.0,47600.0,7904
2020-07-28,48000.0,48600.0,46400.0,47000.0,6186
2020-07-29,46200.0,47000.0,45800.0,45800.0,3468
2020-07-30,45800.0,46600.0,45200.0,45600.0,2600
2020-07-31,45400.0,46600.0,44000.0,45600.0,7865
2020-08-03,45800.0,47200.0,43800.0,44200.0,7525
2020-08-04,43600.0,44200.0,42600.0,43000.0,9193
2020-08-05,43200.0,43600.0,42000.0,42200.0,6494
2020-08-06,42400.0,51600.0,42000.0,46000.0,39644
2020-08-07,46800.0,46800.0,43400.0,43800.0,11289
2020-08-10,43600.0,45800.0,42400.0,45200.0,10926
2020-08-11,45400.0,51600.0,44400.0,47800.0,44027
2020-08-12,48600.0,48600.0,45600.0,46200.0,8425
2020-08-13,45600.0,49600.0,45000.0,48000.0,15021
2020-08-14,48000.0,49200.0,46400.0,47800.0,6403
2020-08-18,46000.0,46000.0,41400.0,43200.0,18978
2020-08-19,43200.0,44200.0,41600.0,42200.0,7674
2020-08-20,41600.0,42200.0,38800.0,38960.0,15398
2020-08-21,39400.0,41200.0,39400.0,40400.0,8037
2020-08-24,41000.0,41000.0,39600.0,40800.0,4347
2020-08-25,40800.0,41600.0,40000.0,40600.0,4320
2020-08-26,40600.0,40600.0,39680.0,39920.0,4263
2020-08-27,40000.0,40000.0,38760.0,39040.0,7358
2020-08-28,39680.0,41600.0,38960.0,39400.0,7021
2020-08-31,39880.0,40400.0,39200.0,39600.0,3841
2020-09-01,39920.0,40200.0,39320.0,39720.0,3616
2020-09-02,39920.0,51600.0,39360.0,43600.0,127940
2020-09-03,43200.0,45400.0,42000.0,44600.0,27290
2020-09-04,43600.0,49400.0,42400.0,44200.0,50217
2020-09-07,43200.0,49200.0,42800.0,46600.0,25721
2020-09-08,46600.0,47800.0,45000.0,45200.0,8598
2020-09-09,45000.0,46600.0,44000.0,45200.0,3581
2020-09-10,46400.0,46400.0,45000.0,46000.0,4650
2020-09-11,46000.0,46000.0,44400.0,45400.0,3486
2020-09-14,45400.0,46400.0,45000.0,45600.0,3854
2020-09-15,49800.0,57400.0,49200.0,54600.0,159073
2020-09-16,60000.0,68000.0,55200.0,56000.0,268786
2020-09-17,58600.0,58600.0,52000.0,54600.0,30755
2020-09-18,53600.0,53600.0,49400.0,50000.0,21560
2020-09-21,48800.0,58600.0,48600.0,53800.0,45873
2020-09-22,54000.0,54200.0,49600.0,50000.0,14765
2020-09-23,50200.0,51800.0,48800.0,50600.0,6776
2020-09-24,49800.0,50400.0,48200.0,49400.0,7263
2020-09-25,49400.0,50200.0,48400.0,49000.0,4824
2020-09-28,50800.0,55200.0,49000.0,52800.0,22239
2020-09-29,55000.0,55000.0,51600.0,53200.0,7994
2020-10-05,53200.0,55600.0,52000.0,55000.0,10654
2020-10-06,55200.0,55600.0,53200.0,54600.0,7227
2020-10-07,53200.0,54800.0,53000.0,54400.0,3715
2020-10-08,54600.0,54800.0,52800.0,53600.0,6491
2020-10-12,53200.0,53800.0,52000.0,53200.0,6197
2020-10-13,53400.0,53800.0,52200.0,53000.0,3806
2020-10-14,52600.0,53000.0,51600.0,51800.0,5376
2020-10-15,51800.0,52200.0,50000.0,52200.0,5189
2020-10-16,52000.0,52400.0,50400.0,51400.0,3652
2020-10-19,51400.0,51800.0,49000.0,49000.0,3975
2020-10-20,47600.0,59600.0,47000.0,56000.0,32519
2020-10-21,54200.0,54400.0,50800.0,52000.0,11782
2020-10-22,52000.0,52000.0,49200.0,50400.0,5093
2020-10-23,50400.0,50400.0,48600.0,49000.0,2761
2020-10-26,49000.0,49600.0,47800.0,47800.0,3304
2020-10-27,49200.0,49400.0,47600.0,48400.0,3345
2020-10-28,49200.0,49200.0,48000.0,48600.0,2419
2020-10-29,47800.0,48800.0,46600.0,48400.0,2871
2020-10-30,49200.0,49800.0,47800.0,48200.0,2052
2020-11-02,48600.0,53800.0,47600.0,48800.0,11572
2020-11-03,48800.0,49200.0,48200.0,48400.0,2495
2020-11-04,48800.0,49000.0,47800.0,48400.0,2604
2020-11-05,48200.0,49800.0,48200.0,48800.0,2466
2020-11-06,49600.0,52600.0,48600.0,51400.0,8823
2020-11-09,53200.0,53200.0,51200.0,52400.0,4369
2020-11-10,52400.0,54400.0,51200.0,53600.0,8370
2020-11-11,53600.0,53600.0,51200.0,52200.0,3857
2020-11-12,51800.0,52800.0,50600.0,50800.0,2392
2020-11-13,50000.0,53000.0,49200.0,52200.0,6183
2020-11-16,51600.0,56200.0,50200.0,50200.0,43692
2020-11-17,51200.0,51600.0,50000.0,50800.0,5959
2020-11-18,50800.0,52000.0,50400.0,50800.0,2789
2020-11-19,50400.0,51200.0,49800.0,50200.0,3800
2020-11-20,49800.0,51000.0,49600.0,50000.0,4053
2020-11-23,50000.0,50800.0,49800.0,50400.0,3321
2020-11-24,51200.0,52000.0,50000.0,51200.0,5629
2020-11-25,51800.0,51800.0,49800.0,50000.0,4335
2020-11-26,50000.0,50800.0,48800.0,49400.0,3851
2020-11-27,50800.0,51600.0,49400.0,50600.0,3693
2020-11-30,50600.0,51400.0,48800.0,49200.0,4222
2020-12-01,49200.0,50000.0,48600.0,49200.0,1977
2020-12-02,50400.0,50400.0,48000.0,48400.0,5069
2020-12-03,48800.0,49200.0,48000.0,48800.0,2887
2020-12-04,48800.0,49600.0,48000.0,48200.0,4307
2020-12-07,48200.0,48200.0,46200.0,46800.0,6067
2020-12-08,46800.0,47000.0,45400.0,45800.0,2673
2020-12-09,46400.0,46600.0,44800.0,46000.0,3573
2020-12-10,46000.0,47800.0,45400.0,47600.0,3320
2020-12-11,47600.0,48200.0,47000.0,47600.0,1710
2020-12-14,47200.0,49400.0,46600.0,47800.0,4929
2020-12-15,47600.0,48600.0,46800.0,47600.0,2017
2020-12-16,48600.0,48600.0,47400.0,48000.0,1529
2020-12-17,48000.0,48600.0,46000.0,47000.0,3795
2020-12-18,47800.0,50000.0,46800.0,48800.0,14581
2020-12-21,49600.0,60000.0,47600.0,50600.0,176079
2020-12-22,50200.0,50400.0,48200.0,48400.0,14268
2020-12-23,50400.0,59600.0,48200.0,53000.0,158448
2020-12-24,53200.0,53400.0,49600.0,49600.0,21889
2020-12-28,49600.0,52000.0,48800.0,49200.0,8889
2020-12-29,49200.0,52400.0,48800.0,50800.0,8457
2020-12-30,50800.0,60000.0,49800.0,51600.0,120869
2021-01-04,51600.0,55200.0,50000.0,52400.0,40799
2021-01-05,52400.0,56000.0,51600.0,55600.0,46011
2021-01-06,55200.0,55800.0,53200.0,54800.0,15473
2021-01-07,54000.0,55000.0,53200.0,54000.0,9962
2021-01-08,55600.0,58000.0,53600.0,53600.0,37926
2021-01-11,53600.0,54200.0,50800.0,51800.0,10675
2021-01-12,52200.0,53600.0,50800.0,51800.0,5135
2021-01-13,51200.0,53600.0,51200.0,52800.0,5899
2021-01-14,53000.0,53400.0,52200.0,53000.0,3601
2021-01-15,53600.0,53600.0,51000.0,51400.0,6957
2021-01-18,50800.0,51400.0,49200.0,50200.0,5695
2021-01-19,49800.0,52800.0,49800.0,51200.0,3187
2021-01-20,52400.0,57600.0,51800.0,53200.0,38166
2021-01-21,53600.0,54000.0,52200.0,52800.0,8476
2021-01-22,52800.0,53000.0,51600.0,52400.0,5214
2021-01-25,53000.0,53600.0,51800.0,51800.0,5564
2021-01-26,51600.0,52000.0,50400.0,51000.0,6767
2021-01-27,50800.0,51800.0,50000.0,51000.0,4857
2021-01-28,50400.0,51000.0,49600.0,49800.0,6270
2021-01-29,49600.0,50200.0,47600.0,48400.0,8292
2021-02-01,48000.0,50000.0,48000.0,49600.0,4034
2021-02-02,50000.0,50200.0,48800.0,49800.0,3707
2021-02-03,49800.0,52400.0,49000.0,50400.0,16864
2021-02-04,50000.0,50600.0,48800.0,50000.0,3615
2021-02-05,50400.0,51000.0,49000.0,50400.0,5907
2021-02-08,50400.0,50400.0,48000.0,50000.0,6943
2021-02-09,49600.0,50200.0,49000.0,49400.0,3517
2021-02-10,49400.0,49600.0,48800.0,49000.0,3352
2021-02-15,49200.0,49400.0,48000.0,48400.0,4966
2021-02-16,48400.0,49200.0,48000.0,48400.0,4583
2021-02-17,48800.0,48800.0,48000.0,48400.0,2457
2021-02-18,48400.0,48800.0,47200.0,47800.0,3757
2021-02-19,47400.0,48000.0,46800.0,47800.0,1718
2021-02-22,47800.0,50000.0,47200.0,47400.0,3141
2021-02-23,47400.0,47600.0,46000.0,46400.0,3323
2021-02-24,46400.0,46600.0,44000.0,44400.0,4633
2021-02-25,44600.0,46000.0,44400.0,45200.0,3315
2021-02-26,45000.0,45400.0,44400.0,44600.0,2837
2021-03-02,44800.0,46400.0,44800.0,46000.0,2700
2021-03-03,46400.0,46800.0,45000.0,46800.0,2702
2021-03-04,46800.0,47600.0,46200.0,46400.0,2786
2021-03-05,46400.0,52000.0,46400.0,50800.0,22867
2021-03-08,51000.0,53200.0,50800.0,52000.0,14251
2021-03-09,52000.0,52600.0,49200.0,51400.0,4210
2021-03-10,50800.0,53000.0,50000.0,51000.0,3518
2021-03-11,50000.0,52000.0,50000.0,50600.0,3690
2021-03-12,51000.0,52800.0,50600.0,52000.0,8063
2021-03-15,53600.0,54200.0,52000.0,52400.0,8361
2021-03-16,39600.0,54200.0,38000.0,45000.0,230415
2021-03-17,45000.0,46400.0,44000.0,44600.0,21577
2021-03-18,45000.0,48800.0,44800.0,46800.0,31656
2021-03-19,46800.0,51400.0,45600.0,49600.0,20062
2021-03-22,49600.0,50600.0,45600.0,46400.0,27450
2021-03-23,46400.0,51000.0,46400.0,47200.0,16096
2021-03-24,46800.0,49200.0,46800.0,48000.0,6522
2021-03-25,48000.0,56400.0,47200.0,48600.0,74689
2021-03-26,49400.0,49400.0,48000.0,48200.0,6139
2021-03-29,48200.0,49200.0,47800.0,48800.0,3477
2021-03-30,49200.0,49400.0,48200.0,48400.0,3955
2021-03-31,49200.0,49600.0,48400.0,49200.0,3987
2021-04-01,49400.0,50600.0,48800.0,50000.0,3796
2021-04-02,49800.0,51400.0,48800.0,51400.0,3283
2021-04-05,51200.0,52800.0,51200.0,52400.0,7999
2021-04-06,52400.0,52400.0,51400.0,52400.0,2912
2021-04-07,52600.0,53000.0,50600.0,50600.0,7983
2021-04-08,50800.0,52000.0,50400.0,50800.0,3769
2021-04-09,51000.0,52000.0,50400.0,52000.0,4798
2021-04-12,52400.0,67600.0,51600.0,57800.0,257056
2021-04-13,56200.0,56400.0,52000.0,52800.0,59510
2021-04-14,52400.0,52600.0,51400.0,52000.0,13422
2021-04-15,51800.0,51800.0,49400.0,50600.0,19397
2021-04-16,50600.0,50800.0,49800.0,50600.0,7286
2021-04-19,50600.0,50800.0,49400.0,50200.0,7764
2021-04-20,49800.0,50800.0,49400.0,50800.0,5399
2021-04-21,50600.0,50600.0,49400.0,50000.0,4096
2021-04-22,49600.0,50000.0,48000.0,49000.0,9818
2021-04-23,49000.0,49000.0,47200.0,48000.0,7169
2021-04-26,48000.0,49400.0,48000.0,49000.0,4097
2021-04-27,49200.0,49200.0,48200.0,48800.0,3342
2021-04-28,48800.0,49200.0,47400.0,48200.0,3488
2021-04-29,48000.0,48400.0,47200.0,47400.0,3439
2021-04-30,47200.0,47400.0,46000.0,46800.0,4719
2021-05-03,46800.0,48800.0,45600.0,47800.0,5260
2021-05-04,47800.0,47800.0,46200.0,47400.0,2150
2021-05-06,47400.0,47800.0,47000.0,47600.0,2416
2021-05-07,47600.0,48000.0,46800.0,47000.0,2094
2021-05-10,47000.0,47800.0,46800.0,47800.0,2673
2021-05-11,48400.0,48400.0,47000.0,47600.0,1896
2021-05-12,47600.0,50600.0,47000.0,49800.0,9534
2021-05-13,48600.0,52000.0,48200.0,50800.0,11066
2021-05-14,50800.0,56800.0,50200.0,56200.0,64741
2021-05-17,60000.0,61200.0,56200.0,59600.0,57023
2021-05-18,60800.0,61600.0,52600.0,54400.0,41573
2021-05-20,54400.0,55400.0,52200.0,53200.0,12134
2021-05-21,53400.0,53600.0,51800.0,52600.0,7558
2021-05-24,52400.0,53000.0,50600.0,51800.0,10899
2021-05-25,53000.0,53200.0,51200.0,52200.0,5453
2021-05-26,52200.0,53200.0,51600.0,52200.0,2289
2021-05-27,52800.0,52800.0,50600.0,51400.0,5322
2021-05-28,51400.0,54000.0,50600.0,53200.0,7779
2021-05-31,54400.0,54400.0,52400.0,53400.0,4542
2021-06-01,54600.0,54600.0,52800.0,53400.0,3880
2021-06-02,53400.0,55600.0,53400.0,55000.0,8217
2021-06-03,55800.0,55800.0,54200.0,54800.0,2738
2021-06-04,55200.0,57200.0,54200.0,57200.0,11154
2021-06-07,58600.0,58800.0,55400.0,56600.0,7328
2021-06-08,57400.0,57800.0,55000.0,57200.0,8234
2021-06-09,57600.0,59800.0,56200.0,58000.0,11834
2021-06-10,58000.0,62000.0,58000.0,59200.0,15978
2021-06-11,60800.0,63200.0,59800.0,62400.0,21004
2021-06-14,63000.0,65000.0,61400.0,61800.0,16187
2021-06-15,62400.0,62400.0,58800.0,60400.0,10857
2021-06-16,60400.0,60800.0,58000.0,59200.0,8192
2021-06-17,58600.0,60000.0,58000.0,59400.0,3119
2021-06-18,60400.0,61600.0,57800.0,59200.0,6593
2021-06-21,57800.0,59600.0,56800.0,58600.0,6785
2021-06-22,59600.0,59600.0,57400.0,58400.0,3542
2021-06-23,59200.0,59200.0,56400.0,56600.0,4798
2021-06-24,56200.0,57600.0,54800.0,56400.0,5039
2021-06-25,57200.0,61800.0,56600.0,60000.0,14296
2021-06-28,59200.0,60800.0,58800.0,59800.0,4606
2021-06-29,59800.0,60400.0,58600.0,59600.0,3864
2021-06-30,60000.0,61800.0,57600.0,58400.0,8356
2021-07-01,58000.0,61000.0,58000.0,60200.0,11344
2021-07-02,60200.0,61600.0,59000.0,60000.0,4696
2021-07-05,58800.0,60200.0,58600.0,59400.0,2614
2021-07-06,59400.0,59400.0,58200.0,58200.0,3527
2021-07-07,58400.0,59400.0,57400.0,58000.0,2693
2021-07-08,58400.0,58600.0,55600.0,56800.0,8265
2021-07-09,56800.0,57200.0,55000.0,57200.0,4459
2021-07-12,57400.0,58000.0,56000.0,57600.0,3104
2021-07-13,57200.0,58000.0,56600.0,56800.0,4262
2021-07-14,56800.0,57200.0,53000.0,54600.0,12658
2021-07-15,54600.0,55400.0,53800.0,54600.0,4486
2021-07-16,55000.0,55200.0,54000.0,54600.0,2304
2021-07-19,54200.0,54600.0,52800.0,53200.0,3592
2021-07-20,53000.0,53600.0,50800.0,52200.0,3927
2021-07-21,53000.0,54000.0,52600.0,53600.0,1559
2021-07-22,53600.0,54400.0,53000.0,53800.0,2194
2021-07-23,53800.0,58800.0,53400.0,55000.0,5884
2021-07-26,55000.0,56600.0,54200.0,55200.0,4826
2021-07-27,54600.0,56600.0,54600.0,56200.0,2515
2021-07-28,55200.0,56800.0,54400.0,55000.0,2524
2021-07-29,55000.0,55600.0,54400.0,54800.0,851
2021-07-30,54800.0,55400.0,53400.0,54800.0,3420
2021-08-02,54200.0,56000.0,54200.0,54400.0,653
2021-08-03,55200.0,55600.0,53200.0,53600.0,3142
2021-08-04,54400.0,55200.0,53200.0,54000.0,1897
2021-08-05,54000.0,54800.0,54000.0,54200.0,1455
2021-08-06,54200.0,55000.0,53800.0,54000.0,657
2021-08-09,54600.0,54600.0,53400.0,54200.0,1441
2021-08-10,54400.0,54400.0,52000.0,52800.0,4358
2021-08-11,52200.0,53600.0,52000.0,52800.0,4162
2021-08-12,53200.0,53400.0,52400.0,52800.0,1675
2021-08-13,52400.0,53000.0,49600.0,51400.0,6434
2021-08-17,51400.0,51600.0,49200.0,50400.0,7264
2021-08-18,50000.0,55000.0,49600.0,53400.0,7275
2021-08-19,53600.0,54000.0,50800.0,50800.0,3537
2021-08-20,50800.0,52000.0,50000.0,50400.0,3368
2021-08-23,51400.0,51400.0,49600.0,50400.0,2135
2021-08-24,50200.0,51600.0,50200.0,51000.0,1947
2021-08-25,50600.0,51000.0,49800.0,50800.0,2384
2021-08-26,50800.0,50800.0,49600.0,50400.0,2579
2021-08-27,50400.0,50800.0,49200.0,50000.0,2195
2021-08-30,50800.0,50800.0,49600.0,50600.0,2259
2021-08-31,50600.0,50600.0,49600.0,50200.0,2141
2021-09-01,52800.0,53400.0,50600.0,51800.0,4505
2021-09-02,51600.0,51800.0,50200.0,51200.0,2465
2021-09-03,51200.0,52400.0,50600.0,52400.0,3179
2021-09-06,52200.0,52400.0,50800.0,52000.0,2962
2021-09-07,52000.0,52400.0,51000.0,51600.0,2396
2021-09-08,51600.0,51800.0,50800.0,51600.0,4052
2021-09-09,51400.0,51400.0,50200.0,50800.0,1837
2021-09-10,50800.0,50800.0,49800.0,50600.0,2145
2021-09-13,50200.0,50600.0,48800.0,49800.0,3004
2021-09-14,49600.0,50000.0,49200.0,50000.0,1036
2021-09-15,50200.0,50600.0,48800.0,50000.0,1527
2021-09-16,49600.0,49800.0,48600.0,49400.0,1503
2021-09-17,48800.0,49200.0,48000.0,49000.0,2357
2021-09-23,48800.0,49200.0,48000.0,48200.0,2121
2021-09-24,48200.0,49000.0,48000.0,48200.0,853
2021-09-27,48200.0,48400.0,46800.0,47600.0,3151
2021-09-28,47600.0,47800.0,46200.0,46200.0,2541
2021-09-29,45200.0,47600.0,44400.0,47200.0,2687
2021-09-30,46200.0,48400.0,46200.0,47200.0,2364
2021-10-01,47600.0,47600.0,45600.0,47000.0,1668
2021-10-05,46600.0,46600.0,43800.0,46000.0,2803
2021-10-06,45600.0,46400.0,41000.0,44000.0,5447
2021-10-07,44000.0,45600.0,43800.0,45200.0,2518
2021-10-08,45800.0,45800.0,43600.0,44200.0,1509
2021-10-12,45000.0,45000.0,42600.0,45000.0,598
2021-10-13,45000.0,54000.0,44200.0,47800.0,41160
2021-10-14,47600.0,62000.0,47000.0,62000.0,187050
2021-10-15,80600.0,80600.0,65000.0,66800.0,841028
2021-10-18,64200.0,73600.0,60000.0,68800.0,327593
2021-10-19,67000.0,69000.0,64000.0,65600.0,75049
2021-10-20,65600.0,72200.0,63800.0,65200.0,91863
2021-10-21,65200.0,65400.0,59400.0,60600.0,55185
2021-10-22,60600.0,63000.0,57200.0,61800.0,33039
2021-10-25,61200.0,64200.0,58600.0,64200.0,26185
2021-10-26,64600.0,65000.0,60800.0,62800.0,24557
2021-10-27,62800.0,63200.0,59200.0,60400.0,21147
2021-10-28,61200.0,61200.0,58200.0,58600.0,12787
2021-10-29,58600.0,60600.0,54200.0,58600.0,41697
2021-11-01,58600.0,60400.0,56800.0,59600.0,15627
2021-11-02,58600.0,62600.0,57600.0,60400.0,28233
2021-11-03,60800.0,61800.0,58000.0,58200.0,13335
2021-11-04,59200.0,59600.0,56000.0,58000.0,10078
2021-11-05,57200.0,58400.0,56000.0,56800.0,8768
2021-11-08,56800.0,60400.0,55800.0,59000.0,12038
2021-11-09,59800.0,59800.0,55600.0,57600.0,17841
2021-11-10,56800.0,60400.0,54600.0,55400.0,25262
2021-11-11,56000.0,57000.0,54800.0,55400.0,12002
2021-11-12,56000.0,56800.0,54800.0,56200.0,4547
2021-11-15,57000.0,59400.0,56800.0,57400.0,11115
2021-11-16,58000.0,58800.0,56000.0,56200.0,7175
2021-11-17,55400.0,57000.0,54200.0,55400.0,9569
2021-11-18,55400.0,56200.0,53400.0,55600.0,9347
2021-11-19,55400.0,55400.0,53800.0,55000.0,4239
2021-11-22,55000.0,55000.0,52800.0,53200.0,7100
2021-11-23,53800.0,55400.0,53400.0,54200.0,4390
2021-11-24,54600.0,56400.0,53200.0,55200.0,12125
2021-11-25,54600.0,55000.0,52800.0,53600.0,7102
2021-11-26,54200.0,54200.0,51200.0,51400.0,4368
2021-11-29,50000.0,52000.0,48400.0,52000.0,4729
2021-11-30,52400.0,52800.0,49200.0,50200.0,6440
2021-12-01,50600.0,51600.0,47600.0,49800.0,3538
2021-12-02,49600.0,52200.0,49200.0,51600.0,6611
2021-12-03,52200.0,52600.0,50400.0,51200.0,3508
2021-12-06,51200.0,51200.0,49000.0,50400.0,6566
2021-12-07,50400.0,51000.0,49400.0,50000.0,2632
2021-12-08,50400.0,51000.0,49600.0,50800.0,3877
2021-12-09,51200.0,53000.0,50800.0,52400.0,4884
2021-12-10,52000.0,52800.0,50400.0,52400.0,3183
2021-12-13,52600.0,55400.0,51600.0,55000.0,7336
2021-12-14,55000.0,55400.0,53000.0,54000.0,8712
2021-12-15,54000.0,54000.0,52800.0,52800.0,2302
2021-12-16,53800.0,54000.0,52600.0,52600.0,2049
2021-12-17,52600.0,53200.0,52000.0,52400.0,4759
2021-12-20,51800.0,52800.0,50000.0,52400.0,3028
2021-12-21,52400.0,53000.0,51400.0,52400.0,2941
2021-12-22,53200.0,55000.0,52800.0,54000.0,6039
2021-12-23,54400.0,54400.0,53400.0,53800.0,2745
2021-12-24,54000.0,56600.0,52800.0,56000.0,21583
2021-12-27,56800.0,57200.0,55200.0,56200.0,6776
2021-12-28,56000.0,56800.0,55600.0,56400.0,5853
2021-12-29,57000.0,58000.0,56400.0,57600.0,7025
2021-12-30,57800.0,59800.0,57600.0,59800.0,14410
2022-01-03,59800.0,63400.0,59600.0,63000.0,19832
2022-01-04,64000.0,67200.0,63600.0,66000.0,21756
2022-01-05,66000.0,67400.0,64600.0,66800.0,10754
2022-01-06,65000.0,67200.0,61200.0,64800.0,13287
2022-01-07,65200.0,65600.0,62800.0,65000.0,4955
2022-01-10,64800.0,68800.0,64600.0,68600.0,13937
2022-01-11,68800.0,78000.0,68800.0,78000.0,81742
2022-01-12,78000.0,78400.0,74999.0,75800.0,20261
2022-01-13,75800.0,77000.0,72400.0,73200.0,17410
2022-01-14,73400.0,73600.0,66200.0,68600.0,15543
2022-01-17,67600.0,70400.0,66000.0,67800.0,7564
2022-01-18,68800.0,69200.0,67000.0,67600.0,2715
2022-01-19,67600.0,70000.0,64400.0,66000.0,7465
2022-01-20,66200.0,68600.0,66000.0,68200.0,3965
2022-01-21,68200.0,68200.0,65200.0,66400.0,4407
2022-01-24,65600.0,66000.0,64000.0,65600.0,5480
2022-01-25,66600.0,67200.0,61400.0,62200.0,8332
2022-01-26,61200.0,64400.0,61200.0,63400.0,4649
2022-01-27,62600.0,64000.0,60200.0,61400.0,5080
2022-01-28,61800.0,63600.0,59600.0,62800.0,6060
2022-02-03,65200.0,67000.0,64400.0,65600.0,2695
2022-02-04,64800.0,66400.0,64200.0,66400.0,2028
2022-02-07,66400.0,67400.0,64800.0,66200.0,2864
2022-02-08,66000.0,67200.0,65400.0,67000.0,3368
2022-02-09,67400.0,71800.0,67400.0,71600.0,8184
2022-02-10,71600.0,75399.0,71200.0,74600.0,8257
2022-02-11,73000.0,77799.0,73000.0,73000.0,8298
2022-02-14,73000.0,75000.0,69000.0,73200.0,5923
2022-02-15,74200.0,74200.0,70000.0,71800.0,6835
2022-02-16,73200.0,74999.0,72400.0,74200.0,7614
2022-02-17,74600.0,75000.0,67200.0,70800.0,11641
2022-02-18,70200.0,70800.0,67000.0,70200.0,3354
2022-02-21,68000.0,74600.0,68000.0,72600.0,3709
2022-02-22,72000.0,72400.0,68000.0,68000.0,5825
2022-02-23,69200.0,69400.0,68000.0,69400.0,1652
2022-02-24,69200.0,69200.0,64200.0,64200.0,5155
2022-02-25,67600.0,68600.0,66400.0,67400.0,2191
2022-02-28,68000.0,68800.0,65400.0,66800.0,2613
2022-03-02,65200.0,77200.0,64600.0,68800.0,23361
2022-03-03,68600.0,70000.0,67400.0,67400.0,4521
2022-03-04,67600.0,68000.0,66000.0,67200.0,2628
2022-03-07,66400.0,67000.0,64400.0,65200.0,3454
2022-03-08,64600.0,65600.0,63200.0,65000.0,3600
2022-03-10,65800.0,65800.0,63200.0,64800.0,5527
2022-03-11,64600.0,65800.0,63200.0,65400.0,2304
2022-03-14,65200.0,68800.0,63800.0,68400.0,4564
2022-03-15,68000.0,70800.0,66800.0,67400.0,4149
2022-03-16,67400.0,68800.0,66600.0,68200.0,2844
2022-03-17,68800.0,69200.0,67600.0,68400.0,2376
2022-03-18,68800.0,70800.0,67800.0,70000.0,7824
2022-03-21,70000.0,72000.0,69400.0,71400.0,4239
2022-03-22,70400.0,74800.0,70400.0,74400.0,15717
2022-03-23,74000.0,75400.0,73600.0,74400.0,26560
2022-03-24,74000.0,74000.0,70600.0,71800.0,21785
2022-03-25,71800.0,71800.0,67600.0,68600.0,11746
2022-03-28,68800.0,69000.0,66200.0,67400.0,15189
2022-03-29,67400.0,68400.0,66800.0,67400.0,11655
2022-03-30,68000.0,69800.0,67400.0,68800.0,5985
2022-03-31,69200.0,69200.0,67200.0,68200.0,5145
2022-04-01,68200.0,68200.0,66400.0,67600.0,3390
2022-04-04,67600.0,71200.0,66800.0,71200.0,5227
2022-04-05,70800.0,71200.0,68600.0,71200.0,3882
2022-04-06,70800.0,70800.0,68800.0,70800.0,3691
2022-04-07,70000.0,70400.0,68600.0,69600.0,3723
2022-04-08,69200.0,71400.0,69200.0,71400.0,3151
2022-04-11,70400.0,71200.0,69000.0,70800.0,2203
2022-04-12,70800.0,75200.0,67800.0,68400.0,22379
2022-04-13,68400.0,71600.0,68000.0,69800.0,6156
2022-04-14,70400.0,70400.0,67600.0,69400.0,4409
2022-04-15,68600.0,68800.0,67200.0,68600.0,2748
2022-04-18,68600.0,68600.0,66800.0,68000.0,3212
2022-04-19,67600.0,67800.0,66400.0,67200.0,2039
2022-04-20,67200.0,67400.0,64800.0,65200.0,4422
2022-04-21,65200.0,65800.0,64600.0,65400.0,1920
2022-04-22,65400.0,65400.0,61800.0,65000.0,7168
2022-04-25,64200.0,64200.0,62200.0,63600.0,1744
2022-04-26,63400.0,64600.0,63200.0,64200.0,1164
2022-04-27,64000.0,64000.0,61800.0,62400.0,1797
2022-04-28,62400.0,64000.0,60400.0,63200.0,2298
2022-04-29,62800.0,64000.0,62600.0,63600.0,968
2022-05-02,63400.0,64000.0,61400.0,63400.0,2831
2022-05-03,63400.0,63800.0,62200.0,62600.0,2032
2022-05-04,62600.0,63200.0,62000.0,62600.0,1995
2022-05-06,62000.0,62400.0,61000.0,62400.0,2030
2022-05-09,62000.0,62000.0,59600.0,59800.0,2556
2022-05-10,59400.0,59400.0,55600.0,58800.0,4108
2022-05-11,58800.0,61200.0,58000.0,61200.0,1321
2022-05-12,60800.0,60800.0,56400.0,56400.0,3590
2022-05-13,57000.0,61000.0,56800.0,60800.0,3304
2022-05-16,61400.0,62200.0,59600.0,60600.0,1900
2022-05-17,61000.0,62600.0,60600.0,62200.0,2109
2022-05-18,62600.0,62600.0,61000.0,61800.0,1927
2022-05-19,61400.0,62600.0,59200.0,62200.0,4315
2022-05-20,63400.0,64200.0,61400.0,63000.0,2864
2022-05-23,63000.0,64000.0,60600.0,62400.0,1516
2022-05-24,62200.0,62400.0,60000.0,60800.0,1891
2022-05-25,60200.0,60800.0,58400.0,59200.0,2038
2022-05-26,59200.0,60200.0,58400.0,60000.0,1127
2022-05-27,60600.0,60600.0,58000.0,58600.0,2081
2022-05-30,58800.0,59200.0,57200.0,58600.0,1148
2022-05-31,59200.0,59400.0,58600.0,59000.0,1258
2022-06-02,59400.0,60400.0,58200.0,60000.0,1374
2022-06-03,60400.0,60400.0,58800.0,59600.0,911
2022-06-07,59600.0,59600.0,57600.0,58200.0,2295
2022-06-08,58000.0,58200.0,56000.0,57400.0,3279
2022-06-09,57200.0,61000.0,56000.0,57600.0,2936
2022-06-10,57600.0,58800.0,55800.0,58400.0,2770
2022-06-13,57400.0,57400.0,54600.0,54600.0,3609
2022-06-14,54000.0,54200.0,50200.0,54000.0,1786
2022-06-15,52800.0,53000.0,50800.0,51200.0,2274
2022-06-16,51200.0,52600.0,51200.0,51200.0,1665
2022-06-17,48600.0,51400.0,48600.0,51400.0,2916
2022-06-20,51800.0,51800.0,47600.0,47800.0,2297
2022-06-21,48200.0,48800.0,46400.0,48800.0,1010
2022-06-22,49200.0,50000.0,46400.0,46400.0,1880
2022-06-23,46400.0,47000.0,43400.0,43600.0,2667
2022-06-24,43200.0,46000.0,43200.0,45200.0,873
2022-06-27,46800.0,48200.0,45600.0,47400.0,1031
2022-06-28,48000.0,49600.0,47600.0,49200.0,808
2022-06-29,48600.0,51200.0,47400.0,49400.0,1897
2022-06-30,49400.0,50000.0,47400.0,47600.0,2127
2022-07-01,47000.0,48400.0,46800.0,48200.0,4318
2022-07-04,47800.0,48600.0,47000.0,47800.0,2671
2022-07-05,47600.0,49000.0,46800.0,48800.0,1043
2022-07-06,50000.0,50000.0,48000.0,48000.0,1268
2022-07-07,48400.0,50600.0,48000.0,50200.0,1744
2022-07-08,51400.0,53400.0,50800.0,50800.0,2111
2022-07-11,51400.0,57200.0,50200.0,53600.0,13206
2022-07-12,56000.0,56000.0,50200.0,50800.0,2913
2022-07-13,50800.0,51200.0,50000.0,50600.0,798
2022-07-14,51000.0,51000.0,49200.0,50400.0,670
2022-07-15,50200.0,50400.0,49000.0,50400.0,937
2022-07-18,50400.0,51400.0,50000.0,50400.0,703
2022-07-19,50400.0,51000.0,49600.0,50000.0,738
2022-07-20,50400.0,53200.0,50000.0,51000.0,4411
2022-07-21,51400.0,51400.0,50000.0,51000.0,1703
2022-07-22,51200.0,51600.0,50000.0,50400.0,980
2022-07-25,51000.0,51000.0,50000.0,50400.0,300
2022-07-26,50800.0,52400.0,50000.0,52000.0,2519
2022-07-27,52000.0,52400.0,51400.0,52000.0,523
2022-07-28,52000.0,52600.0,51400.0,52400.0,959
2022-07-29,52800.0,53000.0,51000.0,52800.0,1760
2022-08-01,52800.0,53400.0,52000.0,52400.0,765
2022-08-02,52400.0,52800.0,51600.0,52400.0,719
2022-08-03,52800.0,52800.0,51600.0,52200.0,900
2022-08-04,52600.0,53000.0,51800.0,52400.0,575
2022-08-05,52800.0,52800.0,51800.0,52200.0,687
2022-08-08,52200.0,54800.0,50800.0,53200.0,4459
2022-08-09,53600.0,55400.0,52200.0,52400.0,4024
2022-08-10,52400.0,53000.0,51400.0,51400.0,1381
2022-08-11,51400.0,52600.0,51200.0,52000.0,1200
2022-08-12,52400.0,52400.0,51400.0,52200.0,1016
2022-08-16,52200.0,52800.0,51800.0,52200.0,680
2022-08-17,51800.0,52200.0,50000.0,51200.0,1901
2022-08-18,51000.0,51000.0,50000.0,51000.0,631
2022-08-19,50800.0,50800.0,49400.0,49600.0,1622
2022-08-22,49200.0,49400.0,48400.0,48400.0,1181
2022-08-23,47600.0,48800.0,47600.0,48400.0,748
2022-08-24,47200.0,48800.0,47200.0,48000.0,945
2022-08-25,48400.0,48600.0,46800.0,48000.0,2186
2022-08-26,48000.0,48600.0,47600.0,47600.0,671
2022-08-29,47400.0,50000.0,46400.0,47600.0,4877
2022-08-30,47200.0,50600.0,47200.0,47800.0,4624
2022-08-31,48200.0,49600.0,47600.0,49400.0,1650
2022-09-01,49400.0,49600.0,46400.0,47800.0,5418
2022-09-02,47600.0,47600.0,46000.0,46000.0,2511
2022-09-05,46000.0,46600.0,45000.0,45600.0,1217
2022-09-06,45600.0,46800.0,45600.0,46400.0,726
2022-09-07,46600.0,46800.0,44000.0,45400.0,2332
2022-09-08,44600.0,46000.0,44600.0,45400.0,688
2022-09-13,45600.0,46800.0,45600.0,46600.0,557
2022-09-14,45800.0,46200.0,45200.0,46200.0,533
2022-09-15,46600.0,47200.0,45400.0,46400.0,1938
2022-09-16,46200.0,46400.0,45200.0,46000.0,1228
2022-09-19,45600.0,46000.0,44600.0,45000.0,1869
2022-09-20,44600.0,45400.0,44600.0,45400.0,747
2022-09-21,45000.0,46400.0,44800.0,46000.0,1000
2022-09-22,45000.0,45800.0,41800.0,43200.0,6841
2022-09-23,43200.0,43400.0,41600.0,42600.0,1627
2022-09-26,42000.0,42000.0,37880.0,39600.0,3319
2022-09-27,39600.0,39960.0,37600.0,39320.0,1610
2022-09-28,39240.0,39520.0,37200.0,37600.0,2106
2022-09-29,37640.0,38600.0,34560.0,36400.0,7271
2022-09-30,36800.0,37160.0,35760.0,37000.0,1635
2022-10-04,37000.0,40400.0,37000.0,40400.0,2139
2022-10-05,40800.0,41600.0,39160.0,39720.0,1882
2022-10-06,39440.0,40200.0,39360.0,40000.0,506
2022-10-07,41200.0,42400.0,39960.0,42000.0,1396
2022-10-11,41600.0,41600.0,39600.0,39840.0,409
2022-10-12,39320.0,39800.0,38440.0,38840.0,390
2022-10-13,38440.0,38440.0,36800.0,38120.0,1191
2022-10-14,37760.0,40000.0,36400.0,40000.0,2367
2022-10-17,39960.0,40800.0,39520.0,40000.0,367
2022-10-18,40600.0,40800.0,39680.0,39920.0,238
2022-10-19,40200.0,41000.0,39720.0,40600.0,745
2022-10-20,41000.0,41000.0,39400.0,39600.0,753
2022-10-21,39600.0,39960.0,38840.0,39720.0,488
2022-10-24,39720.0,40400.0,39000.0,39200.0,583
2022-10-25,39200.0,39520.0,38800.0,38920.0,445
2022-10-26,38960.0,39880.0,38760.0,38880.0,523
2022-10-27,38440.0,39200.0,38440.0,39000.0,367
2022-10-28,39560.0,39560.0,38600.0,38600.0,310
2022-10-31,38600.0,39480.0,38600.0,38720.0,424
2022-11-01,39120.0,39560.0,38800.0,39440.0,1448
2022-11-02,39120.0,39960.0,39040.0,39440.0,609
2022-11-03,39440.0,39560.0,39080.0,39480.0,184
2022-11-04,39200.0,39520.0,39160.0,39400.0,369
2022-11-07,39720.0,39840.0,39320.0,39800.0,379
2022-11-08,39800.0,40400.0,39680.0,40200.0,654
2022-11-09,40600.0,40600.0,40000.0,40400.0,425
2022-11-10,40000.0,41200.0,39960.0,40600.0,999
2022-11-11,41400.0,42800.0,40600.0,42800.0,1984
2022-11-14,42600.0,43400.0,42000.0,43000.0,1235
2022-11-15,43000.0,43600.0,41400.0,42800.0,2496
2022-11-16,43200.0,43200.0,40800.0,41000.0,2073
2022-11-17,41000.0,41600.0,40600.0,41400.0,746
2022-11-18,41400.0,41600.0,40200.0,40200.0,937
2022-11-21,40200.0,40400.0,39040.0,39800.0,1084
2022-11-22,39720.0,40400.0,39240.0,40400.0,1185
2022-11-23,40600.0,52400.0,39760.0,52400.0,103767
2022-11-24,51000.0,55600.0,47800.0,49800.0,174664
2022-11-25,49800.0,50000.0,47400.0,48000.0,16970
2022-11-28,47800.0,48600.0,45800.0,47000.0,15087
2022-11-29,47000.0,47600.0,46000.0,47600.0,7796
2022-11-30,47600.0,53000.0,44800.0,46600.0,66682
2022-12-01,47200.0,47200.0,45600.0,45800.0,8479
2022-12-02,45800.0,46400.0,44800.0,45600.0,4954
2022-12-05,45200.0,45800.0,44000.0,45400.0,4689
2022-12-06,44600.0,45000.0,43800.0,45000.0,3177
2022-12-07,44400.0,44400.0,43000.0,43400.0,3884
2022-12-08,43000.0,43400.0,40800.0,42600.0,4083
2022-12-09,42600.0,43400.0,41600.0,43400.0,2943
2022-12-12,43000.0,43600.0,41600.0,43200.0,2303
2022-12-13,43400.0,44200.0,42400.0,43200.0,2564
2022-12-14,43200.0,44400.0,42600.0,44400.0,1913
2022-12-15,44400.0,44400.0,42800.0,43800.0,1260
2022-12-16,42800.0,43800.0,42200.0,43800.0,2287
2022-12-19,42800.0,43800.0,42800.0,43400.0,1091
2022-12-20,43000.0,44800.0,42000.0,43200.0,2740
2022-12-21,42800.0,44000.0,42600.0,43200.0,915
2022-12-22,43200.0,44000.0,42800.0,43800.0,1120
2022-12-23,43800.0,45000.0,43200.0,43600.0,1957
2022-12-26,43600.0,44400.0,42800.0,44000.0,1622
2022-12-27,44200.0,45000.0,43400.0,44200.0,1077
2022-12-28,44200.0,44200.0,42600.0,43400.0,965
2022-12-29,43000.0,43400.0,40800.0,41800.0,1461
2023-01-02,41800.0,42400.0,40000.0,41200.0,1578
2023-01-03,41200.0,41200.0,39200.0,40000.0,1405
2023-01-04,40000.0,40400.0,38000.0,39880.0,1457
2023-01-05,40000.0,40600.0,39800.0,40400.0,755
2023-01-06,40800.0,42400.0,39880.0,42000.0,2394
2023-01-09,42200.0,43200.0,42000.0,42800.0,690
2023-01-10,42800.0,43000.0,41600.0,42200.0,621
2023-01-11,42200.0,43400.0,42000.0,43200.0,886
2023-01-12,43600.0,43600.0,42600.0,43400.0,687
2023-01-13,43000.0,43600.0,42600.0,43200.0,703
2023-01-16,43800.0,43800.0,42600.0,43000.0,845
2023-01-17,43000.0,50400.0,42600.0,45200.0,86390
2023-01-18,44800.0,45600.0,44000.0,45600.0,6401
2023-01-19,45000.0,45200.0,43600.0,44800.0,2894
2023-01-20,44600.0,44800.0,43200.0,44600.0,2544
2023-01-25,44200.0,47440.0,42800.0,44320.0,7211
2023-01-26,44320.0,44320.0,43400.0,44080.0,2030
2023-01-27,44040.0,44960.0,43400.0,44800.0,1672
2023-01-30,45200.0,45200.0,43800.0,44160.0,2299
2023-01-31,44000.0,44840.0,43800.0,44440.0,938
2023-02-01,44400.0,44680.0,43840.0,43840.0,1340
2023-02-02,44200.0,44400.0,43960.0,44240.0,1101
2023-02-03,44600.0,44600.0,44000.0,44400.0,903
2023-02-06,44320.0,44760.0,44120.0,44760.0,3241
2023-02-07,44800.0,45600.0,44720.0,44760.0,1931
2023-02-08,45200.0,45200.0,44640.0,44680.0,2235
2023-02-09,45000.0,45000.0,43600.0,44160.0,1326
2023-02-10,44640.0,44640.0,43200.0,43920.0,1004
2023-02-13,43920.0,44360.0,43360.0,43680.0,1079
2023-02-14,43720.0,44120.0,43120.0,43120.0,948
2023-02-15,43360.0,43520.0,41600.0,42640.0,1450
2023-02-16,42560.0,44040.0,41840.0,43600.0,895
2023-02-17,43200.0,43600.0,42920.0,43360.0,615
2023-02-20,42960.0,43560.0,42480.0,43480.0,415
2023-02-21,43240.0,43840.0,42920.0,43400.0,994
2023-02-22,43120.0,43120.0,42000.0,42520.0,1582
2023-02-23,42080.0,42520.0,41640.0,42480.0,898
2023-02-24,42200.0,42480.0,41680.0,41960.0,1051
2023-02-27,41960.0,41960.0,40720.0,41680.0,759
2023-02-28,41280.0,42080.0,40600.0,42080.0,1046
2023-03-02,42080.0,43400.0,42040.0,42440.0,657
2023-03-03,43200.0,43200.0,41880.0,42520.0,871
2023-03-06,42760.0,42800.0,42000.0,42360.0,1001
2023-03-07,42360.0,43120.0,41600.0,43000.0,2775
2023-03-08,43080.0,47280.0,42800.0,45600.0,9158
2023-03-09,45920.0,48240.0,43720.0,46960.0,24947
2023-03-10,47640.0,47640.0,45280.0,46760.0,6135
2023-03-13,46000.0,46720.0,44680.0,46400.0,2460
2023-03-14,46400.0,46480.0,43920.0,45840.0,3643
2023-03-15,46080.0,46080.0,44480.0,45200.0,3336
2023-03-16,45200.0,45280.0,43600.0,45160.0,1621
2023-03-17,44280.0,44280.0,33360.0,40400.0,56584
2023-03-20,40840.0,44320.0,40800.0,43200.0,14366
2023-03-21,43200.0,44200.0,42840.0,43600.0,5124
2023-03-22,45960.0,48600.0,44480.0,46080.0,23221
2023-03-23,47000.0,47000.0,43720.0,45080.0,7858
2023-03-24,41200.0,49440.0,41200.0,47960.0,18440
2023-03-27,49440.0,53400.0,48160.0,52560.0,18480
2023-03-28,52760.0,53000.0,49760.0,51440.0,5914
2023-03-29,51800.0,52640.0,49880.0,50400.0,4787
2023-03-30,49600.0,49600.0,47600.0,49200.0,7369
2023-03-31,48760.0,49600.0,47640.0,49520.0,2932
2023-04-03,49920.0,49920.0,48080.0,48800.0,1711
2023-04-04,48800.0,49600.0,47800.0,48920.0,1215
2023-04-05,49600.0,49600.0,47800.0,49200.0,2280
2023-04-06,49920.0,49920.0,47480.0,48600.0,3784
2023-04-07,48600.0,49560.0,46920.0,47960.0,1213
2023-04-10,48040.0,48440.0,45400.0,48000.0,2423
2023-04-11,48000.0,48000.0,45880.0,47760.0,1751
2023-04-12,47600.0,50240.0,46440.0,48600.0,3768
2023-04-13,48400.0,48400.0,47320.0,48200.0,2302
2023-04-14,48200.0,50000.0,47680.0,48240.0,1835
2023-04-17,48000.0,48000.0,46000.0,47800.0,2489
2023-04-18,48520.0,48520.0,46440.0,47680.0,1864
2023-04-19,49440.0,49440.0,46240.0,47600.0,1668
2023-04-20,47320.0,48240.0,46960.0,47760.0,1971
2023-04-21,49400.0,49400.0,44640.0,45640.0,6083
2023-04-24,45600.0,45600.0,43560.0,44720.0,3566
2023-04-25,44600.0,44600.0,42400.0,42480.0,3957
2023-04-26,42480.0,44360.0,42280.0,44000.0,1884
2023-04-27,44000.0,46760.0,42840.0,45560.0,2513
2023-04-28,44840.0,45600.0,42720.0,44920.0,2496
2023-05-02,44920.0,46600.0,43760.0,45160.0,612
2023-05-03,45560.0,45560.0,44520.0,45480.0,1032
2023-05-04,45600.0,47800.0,42800.0,47800.0,3914
2023-05-08,61120.0,62000.0,51000.0,52000.0,127596
2023-05-09,52160.0,52800.0,49320.0,50600.0,12737
2023-05-10,52000.0,56440.0,50360.0,54320.0,18506
2023-05-11,53200.0,56680.0,53200.0,56440.0,12465
2023-05-12,56000.0,61200.0,55200.0,59960.0,25399
2023-05-15,60200.0,62400.0,55560.0,55840.0,23657
2023-05-16,54640.0,57960.0,52160.0,56560.0,21586
2023-05-17,57680.0,57680.0,56080.0,56800.0,3782
2023-05-18,57360.0,57360.0,55920.0,56480.0,3366
2023-05-19,56600.0,56960.0,53600.0,55200.0,4540
2023-05-22,55600.0,56400.0,54000.0,55160.0,2096
2023-05-23,55160.0,57560.0,53600.0,55960.0,3598
2023-05-24,56160.0,57120.0,55600.0,56440.0,2356
2023-05-25,56720.0,57400.0,56440.0,57000.0,3199
2023-05-26,58400.0,58400.0,56000.0,56560.0,3086
2023-05-30,56480.0,56800.0,52600.0,53920.0,7484
2023-05-31,53920.0,57200.0,52800.0,55840.0,4080
2023-06-01,56400.0,57160.0,55200.0,56640.0,2970
2023-06-02,56600.0,56760.0,55600.0,56600.0,1107
2023-06-05,56800.0,57560.0,55520.0,56800.0,2117
2023-06-07,57400.0,57400.0,56040.0,56760.0,1551
2023-06-08,57240.0,57240.0,55000.0,55040.0,1666
2023-06-09,56280.0,56360.0,54000.0,54000.0,1468
2023-06-12,54000.0,55600.0,53400.0,55440.0,1157
2023-06-13,55600.0,55600.0,54400.0,55160.0,634
2023-06-14,55200.0,55200.0,53960.0,54040.0,1095
2023-06-15,54400.0,54960.0,53200.0,53400.0,864
2023-06-16,53200.0,54480.0,52200.0,53800.0,1201
2023-06-19,52800.0,53400.0,52160.0,52720.0,1460
2023-06-20,52640.0,53400.0,52360.0,53080.0,768
2023-06-21,53000.0,53520.0,50400.0,52400.0,1621
2023-06-22,51800.0,53320.0,51240.0,52360.0,1124
2023-06-23,52440.0,53160.0,51000.0,51760.0,1097
2023-06-26,51760.0,52960.0,50600.0,51200.0,882
2023-06-27,50000.0,51120.0,49440.0,49480.0,1618
2023-06-28,50000.0,50040.0,49240.0,49280.0,542
2023-06-29,49400.0,49400.0,45200.0,47000.0,2160
2023-06-30,47040.0,51200.0,46040.0,48960.0,2821
2023-07-03,48960.0,49600.0,48000.0,49600.0,1477
2023-07-04,49600.0,49600.0,48200.0,48600.0,1138
2023-07-05,48600.0,50760.0,45200.0,45240.0,7768
2023-07-06,45240.0,46360.0,43960.0,43960.0,2876
2023-07-07,44200.0,46960.0,43840.0,45200.0,2624
2023-07-10,45240.0,47120.0,44000.0,44680.0,3849
2023-07-11,44680.0,46800.0,43400.0,43640.0,1980
2023-07-12,43640.0,45520.0,42480.0,42480.0,1985
2023-07-13,42080.0,44080.0,42080.0,42080.0,1638
2023-07-14,42080.0,43400.0,41800.0,42040.0,3311
2023-07-17,41800.0,43960.0,41760.0,43880.0,4348
2023-07-18,44800.0,45600.0,41440.0,41840.0,5926
2023-07-19,41840.0,41840.0,39200.0,39960.0,9738
2023-07-20,39960.0,40600.0,37200.0,38320.0,8647
2023-07-21,38320.0,39120.0,37080.0,37200.0,4592
2023-07-24,37240.0,37240.0,34440.0,34720.0,6651
2023-07-25,34720.0,36800.0,32600.0,32600.0,14601
2023-07-26,32800.0,33200.0,28800.0,30920.0,23439
2023-07-27,31840.0,32400.0,30600.0,31800.0,10083
2023-07-28,32680.0,35520.0,31920.0,32880.0,7628
2023-07-31,33600.0,34680.0,32800.0,34520.0,8131
2023-08-01,35000.0,36640.0,34800.0,35600.0,6462
2023-08-02,36200.0,36200.0,34360.0,35000.0,6550
2023-08-03,34560.0,35600.0,33200.0,33760.0,2816
2023-08-04,33200.0,35000.0,33160.0,34000.0,2868
2023-08-07,34800.0,34800.0,33560.0,33840.0,2577
2023-08-08,34360.0,35280.0,32720.0,33200.0,5984
2023-08-09,33200.0,33800.0,32600.0,32840.0,3504
2023-08-10,32160.0,34600.0,32080.0,33040.0,2878
2023-08-11,33080.0,34360.0,32800.0,33480.0,6891
2023-08-14,33480.0,33480.0,30240.0,31880.0,24695
2023-08-16,26440.0,28960.0,22320.0,23720.0,145202
2023-08-17,23720.0,24320.0,20320.0,23240.0,32482
2023-08-18,23200.0,24000.0,22600.0,23600.0,4011
2023-08-21,23600.0,24240.0,22640.0,22920.0,6618
2023-08-22,22880.0,23600.0,18600.0,19920.0,54248
2023-08-23,19920.0,20360.0,18880.0,19640.0,17627
2023-08-24,19640.0,21160.0,19280.0,20880.0,7554
2023-08-25,20920.0,21600.0,20320.0,20840.0,1777
2023-08-28,21480.0,21480.0,15600.0,16280.0,122012
2023-08-29,16480.0,18720.0,15560.0,17280.0,89162
2023-08-30,17600.0,22440.0,17400.0,22440.0,227739
2023-08-31,24480.0,28600.0,21920.0,21920.0,613948
2023-09-01,21920.0,26760.0,20240.0,23120.0,423323
2023-09-04,23120.0,23840.0,21000.0,21280.0,71211
2023-09-05,21480.0,22000.0,20280.0,20680.0,46482
2023-09-06,0.0,0.0,0.0,20680.0,0
2023-09-07,0.0,0.0,0.0,20680.0,0
2023-09-08,0.0,0.0,0.0,20680.0,0
2023-09-11,0.0,0.0,0.0,20680.0,0
2023-09-12,0.0,0.0,0.0,20680.0,0
2023-09-13,0.0,0.0,0.0,20680.0,0
2023-09-14,0.0,0.0,0.0,20680.0,0
2023-09-15,0.0,0.0,0.0,20680.0,0
2023-09-18,0.0,0.0,0.0,20680.0,0
2023-09-19,18720.0,20400.0,16400.0,17640.0,142781
2023-09-20,17840.0,19600.0,17000.0,17120.0,36572
2023-09-21,17040.0,17600.0,15600.0,15600.0,41436
2023-09-22,15600.0,16520.0,14400.0,15160.0,36965
2023-09-25,15440.0,15440.0,13120.0,13120.0,39520
2023-09-26,13120.0,17040.0,12760.0,17040.0,280817
2023-09-27,15440.0,18720.0,14480.0,14480.0,203019
2023-10-04,14000.0,14800.0,13360.0,13600.0,36216
2023-10-05,13600.0,15520.0,13240.0,13400.0,60741
2023-10-06,13400.0,14520.0,13400.0,14200.0,18108
2023-10-10,12800.0,14880.0,12800.0,13720.0,19928
2023-10-11,13720.0,15360.0,13400.0,14800.0,33777
2023-10-12,14800.0,15800.0,14640.0,15160.0,20974
2023-10-13,15160.0,15560.0,14440.0,14880.0,7777
2023-10-16,14960.0,15360.0,14400.0,14520.0,12823
2023-10-17,15160.0,15160.0,14040.0,14600.0,8771
2023-10-18,14560.0,14680.0,13640.0,14000.0,10195
2023-10-19,14560.0,14600.0,13400.0,13760.0,9297
2023-10-20,13600.0,13720.0,12720.0,13240.0,9062
2023-10-23,13720.0,14040.0,12840.0,13160.0,10072
2023-10-24,13560.0,13680.0,12880.0,13360.0,5927
2023-10-25,13360.0,13480.0,12920.0,13360.0,2907
2023-10-26,12720.0,15960.0,12720.0,13240.0,25630
2023-10-27,13840.0,13840.0,13240.0,13520.0,7214
2023-10-30,13520.0,13520.0,12800.0,12960.0,14916
2023-10-31,12800.0,13440.0,12760.0,13000.0,5106
2023-11-01,12800.0,13240.0,12760.0,12920.0,3714
2023-11-02,12920.0,13920.0,12760.0,13040.0,7860
2023-11-03,13040.0,14160.0,13040.0,13920.0,13598
2023-11-06,14360.0,14360.0,13120.0,13240.0,21143
2023-11-07,13280.0,13480.0,12520.0,12680.0,16235
2023-11-08,12520.0,12920.0,12440.0,12720.0,4298
2023-11-09,12840.0,12840.0,12400.0,12640.0,7280
2023-11-10,12640.0,12760.0,11920.0,12000.0,8232
2023-11-13,11800.0,12280.0,11640.0,12000.0,5097
2023-11-14,12080.0,14920.0,12080.0,13320.0,109556
2023-11-15,12800.0,13720.0,12680.0,12840.0,24858
2023-11-16,12920.0,13000.0,12480.0,12880.0,7190
2023-11-17,12920.0,12920.0,12360.0,12560.0,8341
2023-11-20,12560.0,12760.0,11800.0,11880.0,18529
2023-11-21,11800.0,12360.0,11800.0,12120.0,8609
2023-11-22,12120.0,12240.0,11920.0,12120.0,4208
2023-11-23,12200.0,12240.0,11760.0,11880.0,7732
2023-11-24,12000.0,12480.0,11760.0,12320.0,8383
2023-11-27,12400.0,12400.0,11800.0,12120.0,4950
2023-11-28,12120.0,12120.0,11600.0,11840.0,12947
2023-11-29,11840.0,12080.0,11800.0,12000.0,4790
2023-11-30,12080.0,12280.0,11760.0,12000.0,2385
2023-12-01,11880.0,12000.0,11760.0,11880.0,3813
2023-12-04,12080.0,12080.0,11520.0,11640.0,8922
2023-12-05,11680.0,11680.0,11080.0,11360.0,11093
2023-12-06,11360.0,11440.0,11000.0,11320.0,9804
2023-12-07,11160.0,11320.0,11040.0,11120.0,5309
2023-12-08,11120.0,11360.0,11000.0,11160.0,6273
2023-12-11,11160.0,11160.0,10720.0,10720.0,8715
2023-12-12,10920.0,10920.0,10600.0,10800.0,5262
2023-12-13,10800.0,10840.0,10600.0,10800.0,5606
2023-12-14,10800.0,10840.0,10360.0,10360.0,6718
2023-12-15,10320.0,10320.0,9640.0,9720.0,20811
2023-12-18,9520.0,9760.0,9240.0,9240.0,16005
2023-12-19,9240.0,12000.0,9120.0,12000.0,48179
2023-12-20,12200.0,12640.0,10520.0,10640.0,104466
2023-12-21,11080.0,13800.0,10240.0,13800.0,193179
2023-12-22,12840.0,17880.0,12520.0,14680.0,425472
2023-12-26,14600.0,14640.0,12760.0,12760.0,77792
2023-12-27,12600.0,16560.0,11960.0,13680.0,439800
2023-12-28,13200.0,17600.0,12920.0,15280.0,290832
2024-01-02,15400.0,18440.0,15400.0,16800.0,108616
2024-01-03,16840.0,17240.0,15560.0,16800.0,46536
2024-01-04,17200.0,18000.0,15760.0,16000.0,41693
2024-01-05,16040.0,16320.0,15120.0,15240.0,25367
2024-01-08,15200.0,16400.0,14840.0,15200.0,22088
2024-01-09,15240.0,15520.0,14560.0,15240.0,17398
2024-01-10,15240.0,15280.0,14560.0,14720.0,13436
2024-01-11,14720.0,15440.0,14560.0,14640.0,14673
2024-01-12,15000.0,15120.0,13640.0,14000.0,21063
2024-01-15,14000.0,14400.0,13120.0,13240.0,17547
2024-01-16,13280.0,13520.0,12640.0,12800.0,12662
2024-01-17,13040.0,13040.0,12400.0,12800.0,12383
2024-01-18,12800.0,16000.0,12520.0,13520.0,99305
2024-01-19,13520.0,15920.0,13160.0,14960.0,76582
2024-01-22,15080.0,16400.0,14600.0,15560.0,30579
2024-01-23,15320.0,15640.0,14800.0,14880.0,12584
2024-01-24,14880.0,15160.0,14480.0,14560.0,10334
2024-01-25,14560.0,14880.0,14280.0,14560.0,12128
2024-01-26,15160.0,15160.0,13760.0,13960.0,19028
2024-01-29,13720.0,14080.0,12920.0,14000.0,19021
2024-01-30,14000.0,14320.0,13440.0,13520.0,11067
2024-01-31,13560.0,14600.0,13240.0,13560.0,9358
2024-02-01,13560.0,14240.0,13240.0,13320.0,7280
2024-02-02,13280.0,14920.0,12960.0,13320.0,27691
2024-02-05,13320.0,13440.0,12920.0,13160.0,11389
2024-02-06,12920.0,13240.0,12400.0,12960.0,14956
2024-02-07,12720.0,12880.0,12200.0,12480.0,8249
2024-02-08,12600.0,13560.0,12200.0,12800.0,8503
2024-02-13,12800.0,13360.0,12600.0,12600.0,7288
2024-02-14,13120.0,13200.0,12400.0,12640.0,4305
2024-02-15,12640.0,13000.0,12560.0,12880.0,7245
2024-02-16,12880.0,13320.0,12560.0,12640.0,5729
2024-02-19,12680.0,13400.0,12560.0,13080.0,5176
2024-02-20,13080.0,13160.0,12600.0,12800.0,3976
2024-02-21,12920.0,14800.0,12480.0,12960.0,66415
2024-02-22,13360.0,16840.0,13000.0,13440.0,457528
2024-02-23,13920.0,14120.0,13000.0,13440.0,42798
2024-02-26,13600.0,13920.0,13200.0,13600.0,19921
2024-02-27,13400.0,13600.0,12480.0,12680.0,35360
2024-02-28,12680.0,13120.0,12440.0,12560.0,12884
2024-02-29,12560.0,12760.0,12000.0,12240.0,19625
2024-03-04,12400.0,12400.0,11240.0,11480.0,21988
2024-03-05,11160.0,11720.0,11120.0,11240.0,10353
2024-03-06,11280.0,11280.0,10600.0,10800.0,20909
2024-03-07,10480.0,11880.0,10320.0,10360.0,23242
2024-03-08,10360.0,12000.0,10360.0,10600.0,51460
2024-03-11,10880.0,11840.0,10440.0,10720.0,23286
2024-03-12,10840.0,10840.0,10040.0,10120.0,16655
2024-03-13,10240.0,10240.0,9520.0,9880.0,18666
2024-03-14,10040.0,10160.0,9600.0,9720.0,8677
2024-03-15,9640.0,10600.0,9600.0,9760.0,12363
2024-03-18,9760.0,10320.0,9720.0,9840.0,5663
2024-03-19,9880.0,10080.0,9480.0,9600.0,7555
2024-03-20,9600.0,9800.0,9480.0,9760.0,8073
2024-03-21,9760.0,10400.0,9600.0,10280.0,4441
2024-03-22,0.0,0.0,0.0,10280.0,0
2024-03-25,0.0,0.0,0.0,10280.0,0
2024-03-26,0.0,0.0,0.0,10280.0,0
2024-03-27,0.0,0.0,0.0,10280.0,0
2024-03-28,0.0,0.0,0.0,10280.0,0
2024-03-29,0.0,0.0,0.0,10280.0,0
2024-04-01,0.0,0.0,0.0,10280.0,0
2024-04-02,0.0,0.0,0.0,10280.0,0
2024-04-03,0.0,0.0,0.0,10280.0,0
2024-04-04,0.0,0.0,0.0,10280.0,0
2024-04-05,0.0,0.0,0.0,10280.0,0
2024-04-08,0.0,0.0,0.0,10280.0,0
2024-04-09,0.0,0.0,0.0,10280.0,0
2024-04-11,0.0,0.0,0.0,10280.0,0
2024-04-12,0.0,0.0,0.0,10280.0,0
2024-04-15,0.0,0.0,0.0,10280.0,0
2024-04-16,0.0,0.0,0.0,10280.0,0
2024-04-17,0.0,0.0,0.0,10280.0,0
2024-04-18,0.0,0.0,0.0,10280.0,0
2024-04-19,0.0,0.0,0.0,10280.0,0
2024-04-22,0.0,0.0,0.0,10280.0,0
2024-04-23,0.0,0.0,0.0,10280.0,0
2024-04-24,0.0,0.0,0.0,10280.0,0
2024-04-25,0.0,0.0,0.0,10280.0,0
2024-04-26,0.0,0.0,0.0,10280.0,0
2024-04-29,0.0,0.0,0.0,10280.0,0
2024-04-30,0.0,0.0,0.0,10280.0,0
2024-05-02,0.0,0.0,0.0,10280.0,0
2024-05-03,0.0,0.0,0.0,10280.0,0
2024-05-07,0.0,0.0,0.0,10280.0,0
2024-05-08,0.0,0.0,0.0,10280.0,0
2024-05-09,0.0,0.0,0.0,10280.0,0
2024-05-10,0.0,0.0,0.0,10280.0,0
2024-05-13,0.0,0.0,0.0,10280.0,0
2024-05-14,0.0,0.0,0.0,10280.0,0
2024-05-16,0.0,0.0,0.0,10280.0,0
2024-05-17,0.0,0.0,0.0,10280.0,0
2024-05-20,0.0,0.0,0.0,10280.0,0
2024-05-21,0.0,0.0,0.0,10280.0,0
2024-05-22,0.0,0.0,0.0,10280.0,0
2024-05-23,0.0,0.0,0.0,10280.0,0
2024-05-24,0.0,0.0,0.0,10280.0,0
2024-05-27,0.0,0.0,0.0,10280.0,0
2024-05-28,0.0,0.0,0.0,10280.0,0
2024-05-29,0.0,0.0,0.0,10280.0,0
2024-05-30,0.0,0.0,0.0,10280.0,0
2024-05-31,0.0,0.0,0.0,10280.0,0
2024-06-03,0.0,0.0,0.0,10280.0,0
2024-06-04,0.0,0.0,0.0,10280.0,0
2024-06-05,0.0,0.0,0.0,10280.0,0
2024-06-07,0.0,0.0,0.0,10280.0,0
2024-06-10,0.0,0.0,0.0,10280.0,0
2024-06-11,0.0,0.0,0.0,10280.0,0
2024-06-12,0.0,0.0,0.0,10280.0,0
2024-06-13,0.0,0.0,0.0,10280.0,0
2024-06-14,0.0,0.0,0.0,10280.0,0
2024-06-17,0.0,0.0,0.0,10280.0,0
2024-06-18,0.0,0.0,0.0,10280.0,0
2024-06-19,0.0,0.0,0.0,10280.0,0
2024-06-20,0.0,0.0,0.0,10280.0,0
2024-06-21,0.0,0.0,0.0,10280.0,0
2024-06-24,0.0,0.0,0.0,10280.0,0
2024-06-25,0.0,0.0,0.0,10280.0,0
2024-06-26,0.0,0.0,0.0,10280.0,0
2024-06-27,0.0,0.0,0.0,10280.0,0
2024-06-28,0.0,0.0,0.0,10280.0,0
2024-07-01,0.0,0.0,0.0,10280.0,0
2024-07-02,0.0,0.0,0.0,10280.0,0
2024-07-03,0.0,0.0,0.0,10280.0,0
2024-07-04,0.0,0.0,0.0,10280.0,0
2024-07-05,0.0,0.0,0.0,10280.0,0
2024-07-08,0.0,0.0,0.0,10280.0,0
2024-07-09,0.0,0.0,0.0,10280.0,0
2024-07-10,0.0,0.0,0.0,10280.0,0
2024-07-11,0.0,0.0,0.0,10280.0,0
2024-07-12,0.0,0.0,0.0,10280.0,0
2024-07-15,0.0,0.0,0.0,10280.0,0
2024-07-16,0.0,0.0,0.0,10280.0,0
2024-07-17,0.0,0.0,0.0,10280.0,0
2024-07-18,0.0,0.0,0.0,10280.0,0
2024-07-19,0.0,0.0,0.0,10280.0,0
2024-07-22,0.0,0.0,0.0,10280.0,0
2024-07-23,0.0,0.0,0.0,10280.0,0
2024-07-24,0.0,0.0,0.0,10280.0,0
2024-07-25,0.0,0.0,0.0,10280.0,0
2024-07-26,0.0,0.0,0.0,10280.0,0
2024-07-29,0.0,0.0,0.0,10280.0,0
2024-07-30,0.0,0.0,0.0,10280.0,0
2024-07-31,0.0,0.0,0.0,10280.0,0
2024-08-01,0.0,0.0,0.0,10280.0,0
2024-08-02,0.0,0.0,0.0,10280.0,0
2024-08-05,0.0,0.0,0.0,10280.0,0
2024-08-06,0.0,0.0,0.0,10280.0,0
2024-08-07,0.0,0.0,0.0,10280.0,0
2024-08-08,0.0,0.0,0.0,10280.0,0
2024-08-09,0.0,0.0,0.0,10280.0,0
2024-08-12,0.0,0.0,0.0,10280.0,0
2024-08-13,0.0,0.0,0.0,10280.0,0
2024-08-14,0.0,0.0,0.0,10280.0,0
2024-08-16,0.0,0.0,0.0,10280.0,0
2024-08-19,0.0,0.0,0.0,10280.0,0
2024-08-20,0.0,0.0,0.0,10280.0,0
2024-08-21,0.0,0.0,0.0,10280.0,0
2024-08-22,0.0,0.0,0.0,10280.0,0
2024-08-23,0.0,0.0,0.0,10280.0,0
2024-08-26,0.0,0.0,0.0,10280.0,0
2024-08-27,0.0,0.0,0.0,10280.0,0
2024-08-28,0.0,0.0,0.0,10280.0,0
2024-08-29,0.0,0.0,0.0,10280.0,0
2024-08-30,0.0,0.0,0.0,10280.0,0
2024-09-02,0.0,0.0,0.0,10280.0,0
2024-09-03,0.0,0.0,0.0,10280.0,0
2024-09-04,0.0,0.0,0.0,10280.0,0
2024-09-05,0.0,0.0,0.0,10280.0,0
2024-09-06,0.0,0.0,0.0,10280.0,0
2024-09-09,0.0,0.0,0.0,10280.0,0
2024-09-10,0.0,0.0,0.0,10280.0,0
2024-09-11,0.0,0.0,0.0,10280.0,0
2024-09-12,0.0,0.0,0.0,10280.0,0
2024-09-13,0.0,0.0,0.0,10280.0,0
2024-09-19,0.0,0.0,0.0,10280.0,0
2024-09-20,0.0,0.0,0.0,10280.0,0
2024-09-23,0.0,0.0,0.0,10280.0,0
2024-09-24,0.0,0.0,0.0,10280.0,0
2024-09-25,0.0,0.0,0.0,10280.0,0
2024-09-26,0.0,0.0,0.0,10280.0,0
2024-09-27,0.0,0.0,0.0,10280.0,0
2024-09-30,0.0,0.0,0.0,10280.0,0
2024-10-02,0.0,0.0,0.0,10280.0,0
2024-10-04,0.0,0.0,0.0,10280.0,0
2024-10-07,0.0,0.0,0.0,10280.0,0
2024-10-08,0.0,0.0,0.0,10280.0,0
2024-10-10,0.0,0.0,0.0,10280.0,0
2024-10-11,0.0,0.0,0.0,10280.0,0
2024-10-14,0.0,0.0,0.0,10280.0,0
2024-10-15,0.0,0.0,0.0,10280.0,0
2024-10-16,0.0,0.0,0.0,10280.0,0
2024-10-17,0.0,0.0,0.0,10280.0,0
2024-10-18,0.0,0.0,0.0,10280.0,0
2024-10-21,0.0,0.0,0.0,10280.0,0
2024-10-22,0.0,0.0,0.0,10280.0,0
2024-10-23,0.0,0.0,0.0,10280.0,0
2024-10-24,0.0,0.0,0.0,10280.0,0
2024-10-25,0.0,0.0,0.0,10280.0,0
2024-10-28,0.0,0.0,0.0,10280.0,0
2024-10-29,0.0,0.0,0.0,10280.0,0
2024-10-30,0.0,0.0,0.0,10280.0,0
2024-10-31,0.0,0.0,0.0,10280.0,0
2024-11-01,0.0,0.0,0.0,10280.0,0
2024-11-04,0.0,0.0,0.0,10280.0,0
2024-11-05,0.0,0.0,0.0,10280.0,0
2024-11-06,0.0,0.0,0.0,10280.0,0
2024-11-07,0.0,0.0,0.0,10280.0,0
2024-11-08,0.0,0.0,0.0,10280.0,0
2024-11-11,0.0,0.0,0.0,10280.0,0
2024-11-12,0.0,0.0,0.0,10280.0,0
2024-11-13,0.0,0.0,0.0,10280.0,0
2024-11-14,0.0,0.0,0.0,10280.0,0
2024-11-15,0.0,0.0,0.0,10280.0,0
2024-11-18,0.0,0.0,0.0,10280.0,0
2024-11-19,0.0,0.0,0.0,10280.0,0
2024-11-20,0.0,0.0,0.0,10280.0,0
2024-11-21,0.0,0.0,0.0,10280.0,0
2024-11-22,0.0,0.0,0.0,10280.0,0
2024-11-25,0.0,0.0,0.0,10280.0,0
2024-11-26,0.0,0.0,0.0,10280.0,0
2024-11-27,0.0,0.0,0.0,10280.0,0
2024-11-28,0.0,0.0,0.0,10280.0,0
2024-11-29,0.0,0.0,0.0,10280.0,0
2024-12-02,0.0,0.0,0.0,10280.0,0
2024-12-03,0.0,0.0,0.0,10280.0,0
2024-12-04,0.0,0.0,0.0,10280.0,0
2024-12-05,0.0,0.0,0.0,10280.0,0
2024-12-06,0.0,0.0,0.0,10280.0,0
2024-12-09,0.0,0.0,0.0,10280.0,0
2024-12-10,0.0,0.0,0.0,10280.0,0
2024-12-11,0.0,0.0,0.0,10280.0,0
2024-12-12,0.0,0.0,0.0,10280.0,0
2024-12-13,0.0,0.0,0.0,10280.0,0
2024-12-16,0.0,0.0,0.0,10280.0,0
2024-12-17,0.0,0.0,0.0,10280.0,0
2024-12-18,0.0,0.0,0.0,10280.0,0
2024-12-19,0.0,0.0,0.0,10280.0,0
2024-12-20,0.0,0.0,0.0,10280.0,0
2024-12-23,0.0,0.0,0.0,10280.0,0
2024-12-24,0.0,0.0,0.0,10280.0,0
2024-12-26,0.0,0.0,0.0,10280.0,0
2024-12-27,0.0,0.0,0.0,10280.0,0
2024-12-30,0.0,0.0,0.0,10280.0,0
2025-01-02,0.0,0.0,0.0,10280.0,0
2025-01-03,0.0,0.0,0.0,10280.0,0
2025-01-06,0.0,0.0,0.0,10280.0,0
2025-01-07,0.0,0.0,0.0,10280.0,0
2025-01-08,0.0,0.0,0.0,10280.0,0
2025-01-09,0.0,0.0,0.0,10280.0,0
2025-01-10,0.0,0.0,0.0,10280.0,0
2025-01-13,0.0,0.0,0.0,10280.0,0
2025-01-14,0.0,0.0,0.0,10280.0,0
2025-01-15,0.0,0.0,0.0,10280.0,0
2025-01-16,0.0,0.0,0.0,10280.0,0
2025-01-17,0.0,0.0,0.0,10280.0,0
2025-01-20,0.0,0.0,0.0,10280.0,0
2025-01-21,0.0,0.0,0.0,10280.0,0
2025-01-22,0.0,0.0,0.0,10280.0,0
2025-01-23,0.0,0.0,0.0,10280.0,0
2025-01-24,0.0,0.0,0.0,10280.0,0
2025-01-31,0.0,0.0,0.0,10280.0,0
2025-02-03,0.0,0.0,0.0,10280.0,0
2025-02-04,0.0,0.0,0.0,10280.0,0
2025-02-05,0.0,0.0,0.0,10280.0,0
2025-02-06,0.0,0.0,0.0,10280.0,0
2025-02-07,0.0,0.0,0.0,10280.0,0
2025-02-10,0.0,0.0,0.0,10280.0,0
2025-02-11,0.0,0.0,0.0,10280.0,0
2025-02-12,0.0,0.0,0.0,10280.0,0
2025-02-13,0.0,0.0,0.0,10280.0,0
2025-02-14,0.0,0.0,0.0,10280.0,0
2025-02-17,0.0,0.0,0.0,10280.0,0
2025-02-18,0.0,0.0,0.0,10280.0,0
2025-02-19,0.0,0.0,0.0,10280.0,0
2025-02-20,0.0,0.0,0.0,10280.0,0
2025-02-21,0.0,0.0,0.0,10280.0,0
2025-02-24,0.0,0.0,0.0,10280.0,0
2025-02-25,0.0,0.0,0.0,10280.0,0
2025-02-26,0.0,0.0,0.0,10280.0,0
2025-02-27,10280.0,10280.0,10280.0,10280.0,0
2025-02-28,10280.0,10280.0,10280.0,10280.0,0
2025-03-04,10280.0,10280.0,10280.0,10280.0,0
2025-03-05,10280.0,10280.0,10280.0,10280.0,0
2025-03-06,10280.0,10280.0,10280.0,10280.0,0
2025-03-07,0.0,0.0,0.0,10280.0,0
2025-03-10,0.0,0.0,0.0,10280.0,0
2025-03-11,0.0,0.0,0.0,10280.0,0
2025-03-12,0.0,0.0,0.0,10280.0,0
2025-03-13,0.0,0.0,0.0,10280.0,0
2025-03-14,0.0,0.0,0.0,10280.0,0
2025-03-17,0.0,0.0,0.0,10280.0,0
2025-03-18,0.0,0.0,0.0,10280.0,0
2025-03-19,0.0,0.0,0.0,10280.0,0
2025-03-20,0.0,0.0,0.0,10280.0,0
2025-03-21,0.0,0.0,0.0,10280.0,0
2025-03-24,0.0,0.0,0.0,10280.0,0
2025-03-25,0.0,0.0,0.0,10280.0,0
2025-03-26,0.0,0.0,0.0,10280.0,0
2025-03-27,0.0,0.0,0.0,10280.0,0
2025-03-28,0.0,0.0,0.0,10280.0,0
2025-03-31,0.0,0.0,0.0,10280.0,0
2025-04-01,0.0,0.0,0.0,10280.0,0
2025-04-02,0.0,0.0,0.0,10280.0,0
2025-04-03,0.0,0.0,0.0,10280.0,0
2025-04-04,0.0,0.0,0.0,10280.0,0
2025-04-07,0.0,0.0,0.0,10280.0,0
2025-04-08,0.0,0.0,0.0,10280.0,0
2025-04-09,0.0,0.0,0.0,10280.0,0
2025-04-10,0.0,0.0,0.0,10280.0,0
2025-04-11,0.0,0.0,0.0,10280.0,0
2025-04-14,0.0,0.0,0.0,10280.0,0
2025-04-15,0.0,0.0,0.0,10280.0,0
2025-04-16,0.0,0.0,0.0,10280.0,0
2025-04-17,0.0,0.0,0.0,10280.0,0
2025-04-18,0.0,0.0,0.0,10280.0,0
2025-04-21,0.0,0.0,0.0,10280.0,0
2025-04-22,0.0,0.0,0.0,10280.0,0
2025-04-23,0.0,0.0,0.0,10280.0,0
2025-04-24,0.0,0.0,0.0,10280.0,0
2025-04-25,0.0,0.0,0.0,10280.0,0
2025-04-28,0.0,0.0,0.0,10280.0,0
2025-04-29,0.0,0.0,0.0,10280.0,0
2025-04-30,0.0,0.0,0.0,10280.0,0
2025-05-02,0.0,0.0,0.0,10280.0,0
2025-05-07,0.0,0.0,0.0,10280.0,0
2025-05-08,0.0,0.0,0.0,10280.0,0
2025-05-09,0.0,0.0,0.0,10280.0,0
2025-05-12,0.0,0.0,0.0,10280.0,0
2025-05-13,0.0,0.0,0.0,10280.0,0
2025-05-14,0.0,0.0,0.0,10280.0,0
2025-05-15,0.0,0.0,0.0,10280.0,0
2025-05-16,0.0,0.0,0.0,10280.0,0
2025-05-19,0.0,0.0,0.0,10280.0,0
2025-05-20,0.0,0.0,0.0,10280.0,0
2025-05-21,0.0,0.0,0.0,10280.0,0
2025-05-22,0.0,0.0,0.0,10280.0,0
2025-05-23,0.0,0.0,0.0,10280.0,0
2025-05-26,0.0,0.0,0.0,10280.0,0
2025-05-27,0.0,0.0,0.0,10280.0,0
2025-05-28,0.0,0.0,0.0,10280.0,0
2025-05-29,0.0,0.0,0.0,10280.0,0
2025-05-30,0.0,0.0,0.0,10280.0,0
2025-06-02,0.0,0.0,0.0,10280.0,0
2025-06-04,0.0,0.0,0.0,10280.0,0
2025-06-05,0.0,0.0,0.0,10280.0,0
2025-06-09,0.0,0.0,0.0,10280.0,0
2025-06-10,0.0,0.0,0.0,10280.0,0
2025-06-11,0.0,0.0,0.0,10280.0,0
2025-06-12,0.0,0.0,0.0,10280.0,0
2025-06-13,0.0,0.0,0.0,10280.0,0
2025-06-16,0.0,0.0,0.0,10280.0,0
2025-06-17,0.0,0.0,0.0,10280.0,0
2025-06-18,0.0,0.0,0.0,10280.0,0
2025-06-19,0.0,0.0,0.0,10280.0,0
2025-06-20,0.0,0.0,0.0,10280.0,0
2025-06-23,0.0,0.0,0.0,10280.0,0
2025-06-24,0.0,0.0,0.0,10280.0,0
2025-06-25,0.0,0.0,0.0,10280.0,0
2025-06-26,0.0,0.0,0.0,10280.0,0
2025-06-27,0.0,0.0,0.0,10280.0,0
2025-06-30,0.0,0.0,0.0,10280.0,0
2025-07-01,0.0,0.0,0.0,10280.0,0
2025-07-02,0.0,0.0,0.0,10280.0,0
2025-07-03,0.0,0.0,0.0,10280.0,0
2025-07-04,0.0,0.0,0.0,10280.0,0
2025-07-07,0.0,0.0,0.0,10280.0,0
2025-07-08,0.0,0.0,0.0,10280.0,0
2025-07-09,0.0,0.0,0.0,10280.0,0
2025-07-10,0.0,0.0,0.0,10280.0,0
2025-07-11,0.0,0.0,0.0,10280.0,0
2025-07-14,0.0,0.0,0.0,10280.0,0
2025-07-15,0.0,0.0,0.0,10280.0,0
2025-07-16,0.0,0.0,0.0,10280.0,0
2025-07-17,0.0,0.0,0.0,10280.0,0
2025-07-18,0.0,0.0,0.0,10280.0,0
2025-07-21,0.0,0.0,0.0,10280.0,0
2025-07-22,0.0,0.0,0.0,10280.0,0
2025-07-23,0.0,0.0,0.0,10280.0,0
2025-07-24,0.0,0.0,0.0,10280.0,0
2025-07-25,0.0,0.0,0.0,10280.0,0
2025-07-28,0.0,0.0,0.0,10280.0,0
2025-07-29,0.0,0.0,0.0,10280.0,0
2025-07-30,0.0,0.0,0.0,10280.0,0
2025-07-31,0.0,0.0,0.0,10280.0,0
2025-08-01,0.0,0.0,0.0,10280.0,0
2025-08-04,0.0,0.0,0.0,10280.0,0
2025-08-05,0.0,0.0,0.0,10280.0,0
2025-08-06,0.0,0.0,0.0,10280.0,0
2025-08-07,0.0,0.0,0.0,10280.0,0
2025-08-08,0.0,0.0,0.0,10280.0,0
2025-08-11,0.0,0.0,0.0,10280.0,0
2025-08-12,0.0,0.0,0.0,10280.0,0
2025-08-13,0.0,0.0,0.0,10280.0,0
2025-08-14,0.0,0.0,0.0,10280.0,0
2025-08-18,0.0,0.0,0.0,10280.0,0
2025-08-19,0.0,0.0,0.0,10280.0,0
2025-08-20,0.0,0.0,0.0,10280.0,0
2025-08-21,0.0,0.0,0.0,10280.0,0
2025-08-22,0.0,0.0,0.0,10280.0,0
2025-08-25,0.0,0.0,0.0,10280.0,0
2025-08-26,0.0,0.0,0.0,10280.0,0
2025-08-27,0.0,0.0,0.0,10280.0,0
2025-08-28,0.0,0.0,0.0,10280.0,0
2025-08-29,0.0,0.0,0.0,10280.0,0
2025-09-01,0.0,0.0,0.0,10280.0,0
2025-09-02,0.0,0.0,0.0,10280.0,0
2025-09-03,0.0,0.0,0.0,10280.0,0
2025-09-04,0.0,0.0,0.0,10280.0,0
2025-09-05,0.0,0.0,0.0,10280.0,0
2025-09-08,0.0,0.0,0.0,10280.0,0
2025-09-09,0.0,0.0,0.0,10280.0,0
2025-09-10,0.0,0.0,0.0,10280.0,0
2025-09-11,0.0,0.0,0.0,10280.0,0
2025-09-12,0.0,0.0,0.0,10280.0,0
2025-09-15,0.0,0.0,0.0,10280.0,0
2025-09-16,0.0,0.0,0.0,10280.0,0
2025-09-17,0.0,0.0,0.0,10280.0,0
2025-09-18,0.0,0.0,0.0,10280.0,0
2025-09-19,0.0,0.0,0.0,10280.0,0
2025-09-22,0.0,0.0,0.0,10280.0,0
2025-09-23,0.0,0.0,0.0,10280.0,0
2025-09-24,0.0,0.0,0.0,10280.0,0
2025-09-25,0.0,0.0,0.0,10280.0,0
2025-09-26,0.0,0.0,0.0,10280.0,0
2025-09-29,0.0,0.0,0.0,10280.0,0
2025-09-30,0.0,0.0,0.0,10280.0,0
2025-10-01,0.0,0.0,0.0,10280.0,0
2025-10-02,0.0,0.0,0.0,10280.0,0
2025-10-10,0.0,0.0,0.0,10280.0,0
2025-10-13,0.0,0.0,0.0,10280.0,0
2025-10-14,0.0,0.0,0.0,10280.0,0
2025-10-15,0.0,0.0,0.0,10280.0,0
2025-10-16,0.0,0.0,0.0,10280.0,0
2025-10-17,0.0,0.0,0.0,10280.0,0
2025-10-20,0.0,0.0,0.0,10280.0,0
2025-10-21,0.0,0.0,0.0,10280.0,0
2025-10-22,0.0,0.0,0.0,10280.0,0
2025-10-23,0.0,0.0,0.0,10280.0,0
2025-10-24,0.0,0.0,0.0,10280.0,0
2025-10-27,0.0,0.0,0.0,10280.0,0
2025-10-28,0.0,0.0,0.0,10280.0,0
2025-10-29,0.0,0.0,0.0,10280.0,0
2025-10-30,0.0,0.0,0.0,10280.0,0
2025-10-31,0.0,0.0,0.0,10280.0,0
2025-11-03,0.0,0.0,0.0,10280.0,0
2025-11-04,0.0,0.0,0.0,10280.0,0
2025-11-05,0.0,0.0,0.0,10280.0,0
2025-11-06,0.0,0.0,0.0,10280.0,0
2025-11-07,0.0,0.0,0.0,10280.0,0
2025-11-10,0.0,0.0,0.0,10280.0,0
2025-11-11,0.0,0.0,0.0,10280.0,0
2025-11-12,0.0,0.0,0.0,10280.0,0
2025-11-13,0.0,0.0,0.0,10280.0,0
2025-11-14,0.0,0.0,0.0,10280.0,0
2025-11-17,0.0,0.0,0.0,10280.0,0
2025-11-18,0.0,0.0,0.0,10280.0,0
2025-11-19,0.0,0.0,0.0,10280.0,0
2025-11-20,0.0,0.0,0.0,10280.0,0
2025-11-21,0.0,0.0,0.0,10280.0,0
2025-11-24,0.0,0.0,0.0,10280.0,0
2025-11-25,0.0,0.0,0.0,10280.0,0
2025-11-26,0.0,0.0,0.0,10280.0,0
2025-11-27,0.0,0.0,0.0,10280.0,0
2025-11-28,0.0,0.0,0.0,10280.0,0
2025-12-01,0.0,0.0,0.0,10280.0,0
2025-12-02,0.0,0.0,0.0,10280.0,0
2025-12-03,0.0,0.0,0.0,10280.0,0
2025-12-04,0.0,0.0,0.0,10280.0,0
2025-12-05,0.0,0.0,0.0,10280.0,0
